Segment,Percentage
Segment 1,60.0
Segment 2,13.333333333333334
Segment 3,13.333333333333334
Segment 4,13.333333333333334
