Segment,Percentage
Segment 1,15.445173487143823
Segment 2,8.662266753206083
Segment 3,66.5246249141394
Segment 4,9.36793484551069
